{
  "attention": {
    "mean_auc": 0.5247718889072356,
    "std_auc": 0.016323960971928397,
    "inference_time": 0.0004444122314453125,
    "aucs": [
      0.5430856491141441,
      0.5096564191287375,
      0.5067470812814695,
      0.545101818390409,
      0.5192684766214178
    ]
  },
  "gated": {
    "mean_auc": 0.5038595739971524,
    "std_auc": 0.01738027481551848,
    "inference_time": 0.00025534629821777344,
    "aucs": [
      0.5234589561125033,
      0.5009327033981014,
      0.49326287832678584,
      0.5230356220960247,
      0.47860771005234676
    ]
  },
  "simple_weighted": {
    "mean_auc": 0.5026765034823409,
    "std_auc": 0.01573453481009674,
    "inference_time": 0.0004935741424560546,
    "aucs": [
      0.5224834113696298,
      0.49674052879070174,
      0.4935539202124717,
      0.5192210176102794,
      0.48138363942862217
    ]
  },
  "concatenation": {
    "mean_auc": 0.5032195801419668,
    "std_auc": 0.016534217609684113,
    "inference_time": 0.00021548271179199218,
    "aucs": [
      0.5228548393792346,
      0.496326856534469,
      0.493242959110275,
      0.5222141914759364,
      0.4814590542099193
    ]
  }
}