Model,Variant,SplitType,TargetPositive,AUC,KS,Lift_10,ProbabilityInverted
RandomForest,Traditional,Random80/20,1,0.5038969884230524,0.017572314392806765,1.0269028871391075,False
RandomForest,Sentiment,Random80/20,1,0.5035419337776249,0.015703481541217035,0.9973753280839894,False
RandomForest,Hybrid,Random80/20,1,0.5025894661254224,0.014245414374986831,0.9580052493438319,False
XGBoost,Traditional,Random80/20,1,0.5070460189707299,0.019182908523086017,1.0761154855643045,True
XGBoost,Sentiment,Random80/20,1,0.5095146008701588,0.022715191383585687,1.0269028871391075,True
XGBoost,Hybrid,Random80/20,1,0.5117884654881316,0.029546058612638926,1.0236220472440944,True
LogisticRegression,Traditional,Random80/20,1,0.502749072001788,0.013382353385343437,1.0170603674540681,False
LogisticRegression,Sentiment,Random80/20,1,0.5027490720017881,0.013382353385343437,1.0170603674540681,False
LogisticRegression,Hybrid,Random80/20,1,0.5027485056888028,0.0132789068800232,1.0170603674540681,False
