Model,Variant,AUC,Features,AUC_Improvement,Improvement_Percent
RandomForest,Traditional,0.5865718425655743,26,0.0,0.0
RandomForest,Sentiment,0.6092065436234895,31,0.022634701057915207,3.8588113876920063
RandomForest,Hybrid,0.6067116971072445,34,0.02013985454167022,3.43348471238947
XGBoost,Traditional,0.5713766706293455,26,0.0,0.0
XGBoost,Sentiment,0.6016145514367712,31,0.030237880807425732,5.292109804574289
XGBoost,Hybrid,0.5904237464526019,34,0.019047075823256376,3.3335410425975014
LogisticRegression,Traditional,0.57929672458582,26,0.0,0.0
LogisticRegression,Sentiment,0.5794852520303726,31,0.00018852744455255532,0.032544193079521874
LogisticRegression,Hybrid,0.6073438044117824,34,0.02804707982596233,4.841574038937499
