{
  "32": {
    "last_4": 0.49553962646009275,
    "all_layers": 0.4759951901390621
  },
  "64": {
    "last_4": 0.49788802507576896,
    "all_layers": 0.4722894935254461
  },
  "128": {
    "last_4": 0.5011696319935238,
    "all_layers": 0.463873125144645
  },
  "256": {
    "last_4": 0.5011829456393706,
    "all_layers": 0.4847920143869816
  }
}