Model,AUC,CV_AUC_mean,CV_AUC_std
XGBoost,0.5758928571428571,0.5527777777777778,0.04445087402052793
LightGBM,0.5218253968253969,0.582253086419753,0.055331768065299824
CatBoost,0.5143849206349207,0.5037037037037037,0.01626751105321535
