,stratified_kfold_mean,stratified_kfold_std,holdout_auc,repeated_cv_mean,repeated_cv_std,all_cv_scores
XGBoost,0.5239645779220778,0.014000871414794435,0.5373460317460317,0.533787463924964,0.03036376099904889,"[0.5184507936507937, 0.5193142857142857, 0.5029587301587302, 0.5388190476190476, 0.5402800324675324, 0.5328507936507936, 0.5931428571428572, 0.4897269841269841, 0.5138793650793652, 0.548929586038961, 0.5315809523809524, 0.6060190476190477, 0.501968253968254, 0.5299555555555556, 0.5389356737012987]"
RandomForest,0.5542637134740259,0.01256268524714811,0.5527873015873016,0.5535382263107264,0.02256142662790034,"[0.5614349206349206, 0.5422095238095238, 0.5710730158730158, 0.5592253968253968, 0.5373757102272727, 0.5422857142857144, 0.6214349206349207, 0.516495238095238, 0.5614095238095238, 0.5473188920454546, 0.5420825396825397, 0.5634285714285714, 0.5382095238095238, 0.5412317460317461, 0.5578581574675324]"
