{
  "baseline_stats": {
    "sentiment_score": {
      "mean": -0.0019483025926366933,
      "std": 0.5772468164711259,
      "median": -0.002228790991414,
      "q25": -0.5024892061936381,
      "q75": 0.4978945097776085,
      "distribution": "[-0.25091976  0.90142861  0.46398788 ... -0.57397796 -0.09763691\n  0.84728846]",
      "sample_size": 48510
    },
    "text_length": {
      "mean": 7.256751185322614,
      "std": 38.828373720571435,
      "median": 1.0,
      "q25": 1.0,
      "q75": 1.0,
      "distribution": "[1 1 1 ... 1 1 1]",
      "sample_size": 48510
    },
    "word_count": {
      "mean": 1.1187177901463616,
      "std": 7.078360191602327,
      "median": 0.0,
      "q25": 0.0,
      "q75": 0.0,
      "distribution": "[0 0 0 ... 0 0 0]",
      "sample_size": 48510
    },
    "financial_keyword_count": {
      "mean": 0.07285095856524428,
      "std": 0.4879243240526534,
      "median": 0.0,
      "q25": 0.0,
      "q75": 0.0,
      "distribution": "[0 0 0 ... 0 0 0]",
      "sample_size": 48510
    },
    "sentiment_balance": {
      "mean": -0.008286951144094001,
      "std": 0.1504950461087658,
      "median": 0.0,
      "q25": 0.0,
      "q75": 0.0,
      "distribution": "[0 0 0 ... 0 0 0]",
      "sample_size": 48510
    },
    "avg_word_length": {
      "mean": 0.1765913398855784,
      "std": 0.9178167250864219,
      "median": 0.0,
      "q25": 0.0,
      "q75": 0.0,
      "distribution": "[0. 0. 0. ... 0. 0. 0.]",
      "sample_size": 48510
    }
  },
  "drift_results": {
    "sentiment_score": {
      "feature": "sentiment_score",
      "ks_statistic": 0.00612244897959191,
      "p_value": 0.3218947809552366,
      "significant_drift": "False",
      "mean_drift": 0.005106232039662427,
      "std_drift": 0.0013236387014213516,
      "reference_mean": -0.0019483025926366933,
      "new_mean": 0.000999253596421306,
      "reference_std": 0.5772468164711259,
      "new_std": 0.5764827502445724,
      "sample_size": 48510
    },
    "text_length": {
      "feature": "text_length",
      "ks_statistic": 0.0019583591012162227,
      "p_value": 0.9999843920841117,
      "significant_drift": "False",
      "mean_drift": 0.008552401989253389,
      "std_drift": 0.04821843533043235,
      "reference_mean": 7.256751185322614,
      "new_mean": 6.9246753246753245,
      "reference_std": 38.828373720571435,
      "new_std": 36.9561302933402,
      "sample_size": 48510
    },
    "word_count": {
      "feature": "word_count",
      "ks_statistic": 0.002020202020202033,
      "p_value": 0.9999666114772844,
      "significant_drift": "False",
      "mean_drift": 0.009598939841977547,
      "std_drift": 0.053669377567624105,
      "reference_mean": 1.1187177901463616,
      "new_mean": 1.0507730364873222,
      "reference_std": 7.078360191602327,
      "new_std": 6.6984690059195815,
      "sample_size": 48510
    },
    "financial_keyword_count": {
      "feature": "financial_keyword_count",
      "ks_statistic": 0.0016697588126158847,
      "p_value": 0.9999998671043767,
      "significant_drift": "False",
      "mean_drift": 0.007140078077263678,
      "std_drift": 0.03350774975842797,
      "reference_mean": 0.07285095856524428,
      "new_mean": 0.06936714079571223,
      "reference_std": 0.4879243240526534,
      "new_std": 0.471575077901247,
      "sample_size": 48510
    },
    "sentiment_balance": {
      "feature": "sentiment_balance",
      "ks_statistic": 0.000886415172129458,
      "p_value": 1.0,
      "significant_drift": "False",
      "mean_drift": 0.0016437197259258922,
      "std_drift": 0.07558260629046026,
      "reference_mean": -0.008286951144094001,
      "new_mean": -0.008039579468150896,
      "reference_std": 0.1504950461087658,
      "new_std": 0.1391202382900623,
      "sample_size": 48510
    },
    "avg_word_length": {
      "feature": "avg_word_length",
      "ks_statistic": 0.0021026592455164472,
      "p_value": 0.9999171334485251,
      "significant_drift": "False",
      "mean_drift": 0.0022203538493899264,
      "std_drift": 0.011013519894928634,
      "reference_mean": 0.1765913398855784,
      "new_mean": 0.1786292177841585,
      "reference_std": 0.9178167250864219,
      "new_std": 0.9279251178480594,
      "sample_size": 48510
    }
  },
  "drift_timeline": [],
  "alerts": [],
  "summary": {
    "total_features_monitored": 7,
    "features_with_drift": 0,
    "total_alerts": 0,
    "high_severity_alerts": 0
  }
}