{
  "basic_exploration": {
    "basic_info": {
      "shape": [
        1000,
        151
      ],
      "memory_usage_mb": 2.8389158248901367,
      "missing_values": 47823,
      "missing_percentage": 31.670860927152315
    },
    "dtypes_info": {
      